time_utc,ticker,action,qty,price_local,price_usd,value_usd
2026-09-24 08:59 UTC,IFX.DE,BUY (new),1552,56.56,64.4045,99955.73
2026-09-25 14:37 UTC,MU,BUY (new),92,1083.0504,1083.0504,99640.64
2026-09-25 14:37 UTC,AMAT,BUY (new),178,479.88,479.88,85418.64
2026-09-25 14:37 UTC,NVDA,BUY (new),447,223.82,223.82,100047.54
2026-09-25 14:37 UTC,KLAC,BUY (new),469,186.525,186.525,87480.22
2026-09-28 00:48 UTC,000660.KS,BUY (new),74,1818500.0,1338.9241,99080.38
2026-09-28 00:48 UTC,6857.T,BUY (new),400,34870.0,221.0544,88421.74
2026-09-28 00:48 UTC,005930.KS,BUY (new),485,280750.0,206.7104,100254.56
2026-09-28 15:29 UTC,AVGO,BUY (new),282,349.88,349.88,98666.16
